Lopez Lab,,,,
Peptide,Protein,UniProt ID ,Color,Mouse/Human 
HDSGLDSMK,IkBa ,IKBA_HUMAN,Green,Both 
DEEYEQMVK,IkBa ,IKBA_HUMAN,Green,Both 
VGAHACAR,IkBb,IKBB_HUMAN,Green,Both 
ALLQPRPR,IkBb,IKBB_HUMAN,Green,Both 
DLKPENIVLQDVGGK,IKKA,IKKA_HUMAN,Green,Both 
IQLPIIQLR,IKKA,IKKA_HUMAN,Green,Both 
DLKPENIVLQQGEQR,IKKB,IKKB_HUMAN,Yellow,Both 
ALDDILNLK,IKKB,IKKB_HUMAN,Green,Both 
ILEQPHAVLFVDEK,CYLD ,CYLD_HUMAN,Green ,Both 
DVVEINEK,CYLD ,CYLD_HUMAN,Green ,Both 
EIEAAIER,RelB,RELB_MOUSE,Green,Both 
DQQGHLHR,RelB,RELB_MOUSE,Green,Both 
DLEQAISQR,RELA,TF65_HUMAN,Green,Both 
IQTNNNPFQVPIEEQR,RELA,TF65_HUMAN,Yellow,Both 
NWNDEWDNLIK,A20,TNAP3_HUMAN,Green,Both 
RPIIVISDK,A20,TNAP3_HUMAN,Yellow,Both 
R.CLEENQELR.D,NEMO,NEMO_MOUSE,Yellow,Mouse
R.CEELLHFQVSQR.Eæ,NEMO,NEMO_MOUSE,Green ,Mouse
R.FAISYQEK.Væ,TNFA,TNFA_MOUSE,Green ,Mouse
K.VNLLSAVK.S,TNFA,TNFA_MOUSE,Green,Mouse
K.IHCSDPQLIVQLR.F,TRADD,TRADD_MOUSE,Green,Mouse
R.CMAPALAQEALR.L,TRADD,TRADD_MOUSE,Green,Mouse
R.VQSGLDLFTVLLEQNDLER.G,FADD,FADD_MOUSE,Green,Mouse
K.NASVAGLVK.A,FADD,FADD_MOUSE,Green,Mouse
K.VDAAVSEVK.H,RIP3,RIPK3_MOUSE,Green,Mouse
K.YDQAQFGR.G,RIP3,RIPK3_MOUSE,Green,Mouse
R.VHGLLQPLQR.L,MLKL,MLKL_MOUSE,Green,Mouse
K.EANQQIEK.F,MLKL,MLKL_MOUSE,Green,Mouse
R.ILQDQHGDTALHVACR.R,IKBe,IKBE_MOUSE,Green,Mouse
K.ISGKPLLCTD,IkBe,IKBE_MOUSE,Green,Mouse
R.IIVEAIEGMCYLHDK.G,RIP1,RIPK1_MOUSE,Yellow,Mouse
R.ETFQDHVR.A,TRAF2,TRAF2_MOUSE,Green ,Mouse
K.DLAMADLEQK.V,TRAF2,TRAF2_MOUSE,Green ,Mouse
R.DSLCPQGK.Y,TNFR1,TNR1A_MOUSE,Green ,Mouse
R.FMGLSEHEIER.L,TNFR1,TNR1A_MOUSE,Green,Mouse
R.VNHPNIVK.L,TAK1,M3K7_MOUSE,Green,Mouse
K.NLPKPIESLMTR.C,TAK1,M3K7_MOUSE,Green ,Mouse
R.MLEDLGFK.D,HOIL1,HOIL1_MOUSE,Green,Mouse
R.GPLEPVLPKPR.T,HOIL1,HOIL1_MOUSE,Green,Mouse
R.AVPGGGCR.V,HOIP,RNF31_MOUSE,Green,Mouse
R.EEVPLGQSIAR.R,HOIP,RNF31_MOUSE,Green,Mouse
K.LQLIADPERPGR.F,SHARPIN,SHRPN_MOUSE,Green,Mouse
R.EVSGQSLQNSK.M,SHARPIN,SHRPN_MOUSE,Green,Mouse
R.DLLDSLSER.G,FLIP-S,CFLAR_MOUSE,Green,Mouse
R.NPHLVSDYR.V,FLIP-S,CFLAR_MOUSE,Green,Mouse
K.NMMEIMIQK.L,IKBD/p100,NFKB2_MOUSE,Green,Mouse
K.VMDLSIVR.L,IKBD/p100,NFKB2_MOUSE,Green,Mouse